{"rec_22_33_24": [{"t": 2.390000104904175, "pose": {"1": 30.0, "2": 128.0, "3": 10.0, "4": 90.0, "5": 90.0, "6": 90.0, "7": 90.0, "8": 170.0, "9": 90.0, "10": 160.0}, "dur": 0.6}, {"t": 4.112000465393066, "pose": {"1": 30.0, "2": 128.0, "3": 56.0, "4": 90.0, "5": 90.0, "6": 90.0, "7": 90.0, "8": 170.0, "9": 90.0, "10": 160.0}, "dur": 0.6}]}